device,revenue_by_device,total_revenue,ratio
desktop,1674745.744513,1742046.97419,96.14
mobile,56553.099754,1742046.97419,3.25
tablet,10748.129923,1742046.97419,0.62