week,revenue_by_week,cumulative_total
2017-18,32588.71,32588.71
2017-19,34741.41,67330.12000000001
2017-20,27606.74,94936.86
2017-21,20198.54,115135.40000000001
2017-22,31789.52,146924.92
2017-23,19751.87,166676.79
2017-24,45053.91,211730.7
2017-25,28583.26,240313.96000000002
2017-26,24813.41,265127.37
2017-27,20437.74,285565.11
2017-28,41250.8,326815.91000000003
2017-29,57111.46,383927.37
2017-30,29493.94,413421.31
2017-31,11836.39,425257.7